116053,400096800000500060100020094009400050028000007000612003560083170200040008073900002,437196825982534761156827394319478256628359417745612983564283179291745638873961542
116054,030400700008010000529030060000001370194008050005260900000003290060780100402506030,631425789748619523529837461286951374194378652375264918857143296963782145412596837
116055,102703608500040090070600100851000406007100280900000005006009002000000003403820070,142793658568241397379685124851972436637154289924368715716539842285417963493826571
116056,190400607000700043703006900250008739004600800010005002008021005927030100500000090,195483627682719543743256918256148739374692851819375462468921375927534186531867294
116057,605002470000100800007004059034000701700600200200013000090030500000490682180270000,615982473349157826827364159934528761751649238268713945492836517573491682186275394
116058,508200000006000097001094000010000023700610009430507800020408301050001472000030050,598276134346185297271394685615849723782613549439527816927458361853961472164732958
116059,407002091603000005010070400150740002706805013008910070000530087020000300004000006,487352691693481725512679438159743862746825913238916574961534287825167349374298156
116060,052070000900504031800260907504000020030100705010820006103709400027008009600000800,352971684976584231841263957564397128238146795719825346183759462427638519695412873
116061,059608020006320070000701809107000430400200006090013750002060905080000010060005043,759648321816329574243751869127596438435287196698413752372164985584932617961875243
116062,107009000040800760083120005400006908020430050705000100000980006506002004002700030,157649382249853761683127495431576928928431657765298143374985216596312874812764539
116063,980007040050000600600304200001200009200500370430008060006000081129080400003690705,982167543354829617617354298761243859298516374435978162576432981129785436843691725
116064,020008000806403500305962004160700200900104003070020090208000100730045809000000047,427518936896473512315962784164739258982154673573826491248397165731645829659281347
116065,503010008000007603041820000010290076000008009004000300080300790067100502002059001,573916248829547613641823957318295476756438129294671385185362794967184532432759861
116066,100003000845070300096002071000050400030901008007300602720600080003010509060098007,172863945845179326396542871218756493634921758957384612729635184483217569561498237
116067,040500009601070400053208107095000200804010030300904008070103600000080051200007090,742561389681379425953248167195836274824715936367924518578193642439682751216457893
116068,097100200004003005800020007600004020001000003530069800750008091000601700020540068,397185246264973185815426937678314529941852673532769814756238491483691752129547368
116069,001005370786000500000060090500041260093087150200003000020000008430098600000502017,941825376786319542352764891578941263693287154214653789125476938437198625869532417
116070,870006000006090170035048090000010004700059820204007059000200065091300400080060300,879126543426593178135748296958612734763459821214837659347281965691375482582964317
116071,950000107100060934380000060005701002040306010700940000800014500020608000060007809,956423187172865934384179265635781492249356718718942653893214576527698341461537829
116072,830000600074008200000640003720350090000060071005004000008790006900012804351000009,839125647674938215512647983726351498483269571195874362248793156967512834351486729
116073,902700000560000000008034006004020700857006130001508090035000940000201060710300080,942765813563812479178934526694123758857496132321578694235687941489251367716349285
116074,900007305040013006002060198070000000651000804890301000407100950000008403360209000,916827345548913276732465198273684519651792834894351627487136952129578463365249781
116075,020000000305010078460025000840060007006500400700800029200009830001007005089406000,127398564395614278468725391842963157916572483753841629274159836631287945589436712
116076,806200490004003210200080705680002104950600000302570000000104930000030006005900070,876215493594763218213489765687392154951648327342571689768154932129837546435926871
116077,000009006743052180910340002080090040600570000002006501000000097170480060258000300,825719436743652189916348752587291643631574928492836571364125897179483265258967314
116078,001400350500080926802390000070130060000907201003020049007000580040600000900510004,791462358534781926862395417279134865486957231153826749617249583345678192928513674
116079,054800072000000601080010500500900040061000003730500108002790000940023000006154030,154869372293475681687312594528931746461287953739546128312798465945623817876154239
116080,508102040000580017000009300030008000097060020106400050300800900051020460600741002,578132649963584217214679385435218796897365124126497853342856971751923468689741532
116081,020030004600059070009700508500000702001420063090001800400806100080040030007302006,725138694648259371319764528564983712871425963293671845432896157186547239957312486
116082,100092403005008000094760010230000009756001000000075020000030874008004030900010562,167592483325148697894763215231486759756921348489375126512639874678254931943817562
116083,000610300007024060580009001100000089290803600000000570030051000902300140850040002,429618357317524968586739421173465289295873614648192573734251896962387145851946732
116084,009000001200438700030007500050004209670012403000050060107200604840600020000309807,789526341215438796436197582351864279678912453924753168197285634843671925562349817
116085,506004003000012900030850407609030002052000031700000800098200040004570010200049060,526794183847312956931856427689431572452987631713625894198263745364578219275149368
116086,005780004009502108002009360020106000870030000301005240040600050107040090063900000,615783924439562178782419365524196837876234519391875246948621753157348692263957481
116087,805100070240009036067008000120600004708004000000030052600083900074026000000470005,835162479241759836967348521123695784758214693496837152612583947574926318389471265
116088,190000385030605007070098060007000000012000059800240000001700006004023890500960204,196472385238615947475398162347159628612837459859246713921784536764523891583961274
116089,068703900000002030007040051901435200700010000030290800040006002800000049010570006,168753924495162738327849651981435267752618493634297815543986172876321549219574386
116090,150600000704008000028750903001200600000060509800000401046003002903020748000100050,159632874734918265628754913491285637372461589865397421546873192913526748287149356
116091,270004500690000031001300070052031809100070000800540600004058902008006000560900104,273164598695287431481395276752631849146879325839542617314758962928416753567923184
116092,000210860007006105040809003030500008906070000200000040102438070503001009470060200,359217864827346195641859723734592618986174352215683947192438576563721489478965231
116093,028150004070200030904007000600002049040618020500030100030900070057043010000065300,328156794175294638964387251613572849749618523582439167836921475257843916491765382
116094,102080004040920000000050603810000000300600502007409360600001009920703105000205080,162387954543926871789154623816532497394678512257419368675841239928763145431295786
116095,708034000050097036004001500800000307193000862020000900400320180005109000602450000,768534219251897436934261578846912357193745862527683941479326185385179624612458793
116096,480096000103004059050020070600210000094008100000700830205080004061030092300600000,487596213123874659956123478638215947794368125512749836275981364861437592349652781
116097,300010940100709006720600310604520030090008005000070100000200084062100500983006000,356812947148739256729645318674521839291368475835974162517293684462187593983456721
116098,900000004005003070060700203000064800031020009082500706504970080020008010007031640,973182564245693178168745293759364821631827459482519736514976382326458917897231645
116099,710002060084700003609010520002305000070401098060000005020090100300000740098640300,715932864284756913639814527942385671573461298861279435427593186356128749198647352
116100,080040006170002035002065900004780010013520000060000097400000201000073800009604000,985347126176892435342165978594786312713529684268431597437958261651273849829614753
116101,040807130030900058095000402087000003000120000004000916003060704000310200569200080,642857139731942658895631472187496523956123847324785916213568794478319265569274381
116102,020000035003276000810400706900007050600810007004500890090030100005090200130600080,726981435543276918819453726981347652652819347374562891298735164465198273137624589
116103,701200008000005460020890001080300250000907003064000000009010085008400600106780900,741236598893175462625894731987341256512967843364528179479612385238459617156783924
116104,001583706600070100000006035080020903000050000250040871403902000810000602060400090,941583726635274189728196435184627953397851264256349871473962518819735642562418397
116105,007093010534020000201050060600002091300809406020000700083015049040007800000600003,867493215534126987291758364678342591315879426429561738783215649146937852952684173
116106,706030000050008936900045020005801302000760010080053040003000500002000784401009000,716932458254178936938645127645891372329764815187253649863427591592316784471589263
116107,067800092003000510204001008009030007020060450000100060700400800800709006501008039,167845392983276514254391678619534287328967451475182963796413825832759146541628739
116108,500398000027000000040067310900506020074000068001000070130089750060002100008450002,516398247327145896849267315983576421274913568651824973132689754465732189798451632
116109,080030906900020045007040230008016050040008700060403010610000000005900320093571000,482135976936827145157649238328716459541298763769453812614382597875964321293571684
116110,070010450006807300100005097050004026807900104003700500080126000094000001300000800,279613458546897312138245697951384726867952134423761589785126943694538271312479865
116111,090000140205600000007018902000056070601000004043000089900004713050032408700801060,398275146215649837467318952829456371671983524543127689982564713156732498734891265
116112,053020004060400782000109000000070620080542090071600003938007050607800000004003001,853726914169435782742189365495371628386542197271698543938217456617854239524963871
116113,002000080030409602007052300000080000050301048078006905093008417000060200504070009,912637584835419672467852391349785126256391748178246935693528417781964253524173869
116114,040001000000830007500200690701003908006500041200069700000908000803702050009050024,347691582692835417518274693751423968936587241284169735425918376863742159179356824
116115,104002009607908500000370080008014600500030002019060870200500907005100000760000050,184652739637948521952371486328714695576839142419265873243586917895127364761493258
116116,710098003040600012090300000236009501100020400008006000020705006000400307507030800,715298643843657912692314785236849571179523468458176239324785196981462357567931824
116117,500076409079000000800250130398000005400300072006040001602001500003080000000594200,531876429279413856864259137398127645415368972726945381642731598953682714187594263
116118,074028039000013060020000005000000503590670080148900002059006010000300008802004750,674528139985413267321769845267841593593672481148935672759286314416357928832194756
116119,300025006046003001051000800000906000780014032035200090007300425060090010400708000,378125946946873251251649873124936587789514632635287194897361425563492718412758369
116120,930007408068400010007053090300705200015049800004200030000100064020000009480000507,932617458568492713147853692396785241215349876874261935759128364623574189481936527
116121,006009080073001050805307009000502000610000200000090034500203790408700600200068001,126459387973681452845327169384572916619834275752196834561243798498715623237968541
116122,000006287076003000800250100000500908010009460940000012023080704007900050560100003,351496287276813549894257136632541978718329465945768312123685794487932651569174823
116123,620500308039800670010020000000049000800601907070230050305000864400900103001060000,624597318539814672718326549153749286842651937976238451395172864467985123281463795
116124,000109005024800097060005430691000003800000200000563010007004906000270041308000050,783149625524836197169725438691482573835917264472563819217354986956278341348691752
116125,180950002704000030000046900950037200060209070000080103530008604000090850470000010,186953742794821536325746981951437268863219475247685193539178624612394857478562319
116126,004800100090004026530070098801020670067190300000040080903000000010006902070035004,724869153198354726536271498841523679267198345359647281983412567415786932672935814
116127,360082105005004000790100600100239040009005030000706008430020007001000203058000061,364982175815674329792153684187239546649815732523746918436521897971468253258397461
116128,070005004100680030890020000600009001002100003980306700200001090000534200010090647,376915824124687539895423176637259481452178963981346752248761395769534218513892647
116129,056902700400000510830710060020504030708006100000198400670080005000030096304000000,156942783497863512832715964921574638748326159563198427679281345215437896384659271
116130,560040100000097040030060207004650020090100700005002094902800610071400058800003000,567248139128397546439561287784659321293184765615732894942875613371426958856913472
116131,136020080080730040900560200002370100003400067098000000000000810047600590600090073,136924785285731649974568231462379158513482967798156324359247816847613592621895473
116132,100087036070009004400260150503000800000108000000390615680002470201070090039000000,152487936376519284498263157513726849964158723827394615685932471241675398739841562
116133,860000502002908071004030960071000090380400200920607040003050010000240005100703004,869174532532968471714532968471325896386419257925687143243856719697241385158793624
116134,008023104200900070070054280042006000760012500030800040500070000000380096600001803,958723164214968375376154289842536917769412538135897642583679421421385796697241853
116135,310000090905020700008034600107805000003000574002063000200400987060000005500180340,316578492945621738728934651197845263683219574452763819231456987864397125579182346
116136,080709006203050108000100590308507602015040000000000304100800200964200030000004705,581739426293456178476128593348597612615342987729681354157863249964275831832914765
116137,060050080400090150100206370250470000004301000901600702600008500002004098790000010,369157284427893156185246379256479831874321965931685742643918527512734698798562413
116138,000023800350009002080070006090000204200004305071000680800200401020501090700648000,946123857357869142182475936593786214268914375471352689835297461624531798719648523
116139,009005300005007081240036900400000730000500000780010406000309800030800640016042090,179285364365497281248136975451628739693574128782913456524369817937851642816742593
116140,050007209020354006763800000075060400001038050300700000002000008080100902004009175,458617239129354786763892514875961423291438657346725891912576348587143962634289175
116141,000000641007130008052000000004006210023005000008040709700280436030900000001670085,389527641467139528152468397574896213923715864618342759795281436836954172241673985
116142,090003200607002903300080054008067140050800002041090070000010600100704509005009020,594173268687452913312986754938267145756841392241395876429518637163724589875639421
116143,004500090060302000070046103100970300530000080009000704200080070006430052058001006,324517698861392547975846123142978365537164289689253714293685471716439852458721936
116144,008000057090000206500700904001020000370540000009800603030079540040081032200350100,618492357794135286523768914861923475372546891459817623136279548945681732287354169
116145,006095078920010400001300000009080057730029000008000004060008030100903205000470081,346295178925817463871346592219684357734529816658731924462158739187963245593472681
116146,760000000002700405300000018400510020000490306089002001070605084816040200005030090,768154932192783465354269718437516829521498376689372541973625184816947253245831697
116147,000940000685000000090060712013700004062008590008500000200000860006410079700009020,127943658685271943394865712513796284462138597978524136249357861856412379731689425
116148,060480001070006205950003000180029007400050100005600093007000348600000002203018700,362485971874196235951273684186329457439857126725641893517962348698734512243518769
116149,200070180000024307930600500800005020006980000570030000080003900004867001001400060,245379186168524397937618542813745629426981735579236418682153974394867251751492863
116150,060109008032000007000083560200750009090060405400001870600400000780020040003590200,564179328832645197971283564218754639397862415456931872629418753785326941143597286
116151,096140000520078004070090028100860030900401800700000005003000600480620090000785300,896142753521378964374596128145867239932451876768239415253914687487623591619785342
116152,605003007090080213200010040720540080300200060004091000170009405040030970080000020,615423897497685213238917546721546389359278164864391752172869435546132978983754621
116153,304000600050000201000083470002940800017050000000608705040120080201036040603400090,374291658958764231126583479562947813817352964439618725745129386291836547683475192
116154,092100078580007400014200060000406500430080720000573090300009040020005001007060809,692154378583697412714238965971426583435981726268573194356819247829745631147362859
116155,020030081070400500901002030603010094050000700009248006000370000230080960804509100,526937481378461529941852637683715294452693718719248356195376842237184965864529173
116156,006000001820450007000083200103509040500070009260800000018020406000000930700004000,436297581821456397957183264173569842584372619269841753318925476642718935795634128
116157,014602800800107035700090400905024007000950600002000003030008026057400010001003900,514632879896147235723895461965324187378951642142786593439518726257469318681273954
116158,800001600007409082050070000130050000090206073004800060020300800009045030000902010,843521697617439582952678341136754928598216473274893165421367859789145236365982714
116159,020040036007305490090800001000070000312008500064002080075100060900054200100069070,521947836687315492493826751859471623312698547764532189275183964936754218148269375
116160,005834000023900007006050049900003105062090070370600208010007006800401050000020804,795834621423916587186752349948273165562198473371645298214587936839461752657329814
116161,040001200091536000008700000702400080900200534030080170063942710025000406000100008,647891253291536847358724961712453689986217534534689172863942715125378496479165328
116162,400700000000435090700080302510000000090100278302600400040008960006207013008090500,439762185821435796765981342517824639694153278382679451243518967956247813178396524
116163,010000000006042987000953104003006200800720000070000451030008000407031020009600305,914867532356142987728953164593416278841725693672389451135298746467531829289674315
116164,000020080100709620850401003630900000780000500021376009005002000007040098000630401,976523184143789625852461973634958712789214536521376849415892367367145298298637451
116165,001007006047063050502000100006040520000890004000752803000905240103200000900000075,391527486847163952562489137786341529235896714419752863678935241153274698924618375
116166,010056083390001067500203400100029035000080600208400090030700000470000100600098000,714956283392841567586273419147629835953187642268435791835714926479362158621598374
116167,001000870000501002900047600380009007052630041040002000207380069600005030008970000,461293875873561492925847613386419257752638941149752386217384569694125738538976124
116168,020001000100300970307400001700085604090006730052700080840500002003060090500209410,925671843184352976367498251731985624498126735652743189849517362213864597576239418
116169,040010050320860007060934000003002790076000003000053002057100409098006010100540008,849217356321865947765934821513682794276491583984753162657128439498376215132549678
116170,300080702000504060900070810010309008608200094400000200040037506061802400730050000,356981742187524963924673815215349678678215394493768251849137526561892437732456189
116171,830705040204000007000013000046080003700030091002600450451002800070958200900000060,839725146214896537567413982146589723785234691392671458451362879673958214928147365
116172,480010502370009060001407000050100700900038000026004308710820009000090845500003200,489316572375289461261457983853162794947538126126974358714825639632791845598643217
116173,001026030948000600000007514200850400000100705093000080860003042470090000005200906,751426839948315627326987514217859463684132795593764281869573142472691358135248976
116174,003025004970601000804090020035000008000100790200080500060034010020700063001960850,613825974972641385854397126135279648486153792297486531768534219529718463341962857
116175,000700002100009300030560819004006080091008503570020400207030001800190760005040000,489713652156289374732564819324956187691478523578321496267835941843192765915647238
116176,100560780079203001000080003456800000000000200007954800004000000038406090092170035,143569782879243561265781943456812379981637254327954816714395628538426197692178435
116177,090057600040000587080160200703002950000510040100309000006900078005000092210040000,392857614641293587587164239763482951928516743154379826436925178875631492219748365
116178,801200009009008073064050000056072000380091400000600050000409010200306807903700200,831267549529148673764953182456872931387591426192634758678429315245316897913785264
116179,005001240809307000600000000020536001107800095030000000406900150050064780000280003,375691248849327516612458937924536871167842395538719624486973152253164789791285463
116180,080951000006002731400760000270008014009007605000030000030010570800040096592800000,783951462956482731421763859275698314349127685168534927634219578817345296592876143
116181,000700025006014000030680400710006004590000003004970580023000070470821300100300900,841793625956214837237685419718536294592148763364972581623459178479821356185367942
116182,890053002570260000030409100700000840240080903000310050006090001020507600480001020,894153762571268394632479185713925846245786913968314257356892471129547638487631529
116183,150289000600010209080037000000000012700405860030000405508002001026900700900348000,154289637673514289289637154465873912791425863832196475548762391326951748917348526
116184,200061080030850900160900500000004078007000090080023410600040200409510007053070006,295461783734852961168937524512694378347185692986723415671348259429516837853279146
116185,500904032000100080000000605100009207002805000004230190370400000408060079026008501,561984732237156984849723615183649257792815463654237198375491826418562379926378541
116186,070042030380000109600900704010200490805030000026750010240007308000005000008120960,179842536384576129652913784713268495895431672426759813241697358967385241538124967
116187,801000026060000509002038000038002070050700610700093008000050700017400030320006491,871945326463217589592638147138562974259784613746193258984351762617429835325876491
116188,037080950209100068040020030500008007001049600683000100000500043008260000470090200,137486952259137468846925731594618327721349685683752194962571843318264579475893216
116189,005706908206900300400010050040002873082000065003100000000300040900027600031590000,315746928276985314498213756149652873782439165563178492827361549954827631631594287
116190,190230000500108037600500002070820900046053200800000400710000060038960000000070504,197236845524198637683547192371824956946753218852619473715482369438965721269371584
116191,000104006560009180008200003090000060040508270071030409100000042350820900006701000,739184526562379184418265793295417368643598271871632459187953642354826917926741835
116192,850900002017563400000000030938007005040108960070200003000801000006070210095300704,853914672217563498469782531938647125542138967671259843724891356386475219195326784
116193,050410020009008050301090600500002000074030160283069000600000400048203910090070008,857416329469328751321597684516742893974835162283169547632981475748253916195674238
116194,070025900050000460103706800017030006500801000902000070400607280006200010000340059,678425931259183467143796825817932546564871392932564178495617283386259714721348659
116195,530000206008405001070080300001079640000001008000060072047800500905026003310050000,534197286268435791179682354821379645756241938493568172647813529985726413312954867
116196,600400700400000050083009010500073800012800009006094070000030540950607020020008106,695421783471386952283759614549273861712865439836194275168932547954617328327548196
116197,004008007059300160210069800080041050006700420030000010001086072900005000003074080,364518297859327164217469835782641953196753428435892716541986372978235641623174589
116198,005080104030920607600000050050007208300650040200034096001403800749008012000000000,975386124134925687682741953456197238398652741217834596521473869749568312863219475
116199,030290060502000070008704010009000208000069000140003500200070003071080000406305900,734291865512638479968754312659147238823569741147823596295476183371982654486315927
116200,900200000801060043043000907009003674000048039010600800672015000030002000005780010,967234581851967243243851967589123674726548139314679825672315498138492756495786312
116201,089050006004027001130406800700900012500070089043000600070001094000362008020000500,289153746654827931137496825768935412512674389943218657376581294495362178821749563
116202,000510000070800030421600070000009106038000920510000800004720009206034005390060084,863517492975842631421693578742389156638451927519276843154728369286934715397165284
116203,005462001070009248000010003390041070502900300040506000000800006013070002604000950,835462791176359248429718563398241675562987314741536829257894136913675482684123957
116204,000008900003006012820730050309080021007004500680027000000901075000000490706400003,564218937973546812821739654349685721217394568685127349438961275152873496796452183
116205,021800000000000600800359004190706300050400000002000701406200108900070402008501006,321864597549127683867359214194786325753412869682935741476293158915678432238541976
116206,090001206360420010050030740719003002000070000002500801000040000800709064103005980,497851236368427519251936748719683452584172693632594871976348125825719364143265987
116207,870005091000080020006043700003017005040000003020608910900106007580020060401009030,874265391359781426216943758693417285148592673725638914932156847587324169461879532
116208,590200030100609508802040000000500003708031602034020009410703005000006007006100980,597218436143679528862345791921564873758931642634827159419783265285496317376152984
116209,100800470060000182250040000093208000000005030847090000010000250900651008400703006,139862475764539182258147693593218764621475839847396521316984257972651348485723916
116210,256007090010300000400960002008004006001000070930005400002086150005200700760090300,256417893819352647473968512528174936641839275937625481392786154185243769764591328
116211,500040097370800001021500300030400020200001076046070809084002950950630014000000000,568143297379826541421597368837469125295381476146275839684712953952638714713954682
116212,008010009056032400000500060300021070005390001807650003062000900009000184003740005,238416759756932418941578362394821576625397841817654293462185937579263184183749625
116213,020900347100563008900000610540000000700680290006400800000390500850070103010006070,625918347174563928983742615548129736731685294296437851467391582859274163312856479
116214,800050000105704080300809207504000600020005009730100008400270905060000012001690030,872356491195724386346819257514987623628435179739162548483271965967543812251698734
116215,030005000740320500008061072060010007009000030100708065052080400907040280000690001,231875649746329518598461372365914827879256134124738965652187493917543286483692751
116216,430001607075060180800092050003209410000058970000003000706000000510000840048000095,439581627275364189861792354653279418124658973987413562796845231512937846348126795
116217,000000046090006203024051700305002018000800074100000360079208000006040095008930000,853729146791486253624351789345672918962813574187594362579268431236147895418935627
116218,090052140802904000500300700180700460054060000709010832000040213601007000020000090,397652148812974356546381729183729465254863971769415832978546213631297584425138697
116219,950002800083400120006700005065300090401600003070001000200019408040006300000204759,954162837783495126126783945865347291491628573372951684237519468549876312618234759
116220,790041000030000500600082710075010002260900085400600001800160000000037040920800063,792541836138796524654382719375418692261973485489625371843169257516237948927854163
116221,910640000003002907080005002040091500360500018500300000020080600007406023000070450,912647385653812947784935162248791536369524718571368294425183679197456823836279451
116222,130000000425600000076032009702903004500000700060400508000100085308095067000040921,139784256425619873876532149782953614543861792961427538294176385318295467657348921
116223,005600940004003080710000036200070000043809005590400010000325800006008021080106704,835617942624953187719284536268571493143869275597432618471325869956748321382196754
116224,070053001000000023096002480509300000024500319010070000801900540430600007000020600,278453961145896723396712485589341276724568319613279854861937542432685197957124638
116225,001500782000192400506040000000000900070021003139600205008030500300000067647008001,491563782783192456526847139264375918875921643139684275918736524352419867647258391
116226,002904007300000060069008012500090004000032109901870020430500000000000076180700300,812964537354217968769358412523691784678432159941875623437586291295143876186729345
116227,900078600570000108021006409490052000103400005000380007208003004060009720000010300,934178652576924138821536479497652813183497265652381947218763594365849721749215386
116228,008709020009500000740002500300084700001903042850070006060800910005030000203106405,538769124129548637746312589392684751671953842854271396467825913915437268283196475
116229,500008001470000020092406000000300900800714300006000510007530006030200198200000705,563928471478153629192476853721365984859714362346892517987531246635247198214689735
116230,400160092050097010030204608040035720000900005170080003500006107008000030016008009,487163592652897314931254678849635721263971845175482963594326187728519436316748259
116231,720000900003006048006087510090630007510400003060058100470002080000005001200940600,728514936153296748946387512894631257517429863362758194475162389639875421281943675
116232,002001098000467200534000000080090006306800001090056074800005010140023705070900000,762531498918467253534289167487192536356874921291356874823745619149623785675918342
116233,280000005040896000001040000003000680009108070750060420600207300500900107000003290,286731945345896712971542836123475689469128573758369421694217358532984167817653294
116234,601090000003806014500203070900730500007605208040000600018002000200900003079084060,681497325723856914594213876962738541137645298845129637418362759256971483379584162
116235,045601000000200300001038705000090800562007003903016400239460008000000090470000502,345671289897254361621938745714392856562847913983516427239465178158723694476189532
116236,039040000001002560060003097008700034204500700070180000015090002843000000000060315,739645128481972563562813497158729634294536781376184259615397842843251976927468315
116237,700000002305607908016000500000190000067300800080020045000900084003410600901005207,798531462325647918416289573534198726267354891189726345652973184873412659941865237
116238,000870020090001400008340591040085100230700060005000040050628007009000083076910000,514879326392561478768342591647285139231794865985136742453628917129457683876913254
116239,001046800080002960000093004702001050304700002060400090210050308500930600006007000,921546837483172965675893214792381456354769182168425793219654378547938621836217549
116240,605078003019620005007030040064007500070403890000810000000000018023000000090150076,645978123319624785287531649864297531571463892932815467756349218123786954498152376
116241,068040300000900710004201056080403009001007005320500060709008000030600001602390000,168745392253986714974231856586423179491867235327519468749158623835672941612394587
116242,305190400010700680000204000902470300501000007007002805006800053400900700098036100,365198472214753689879264531982475316531689247647312895126847953453921768798536124
116243,037020060080107000000080054074002308000019206900003000008600002520700049390050100,437925861685147923219386754174562398853419276962873415748691532521738649396254187
116244,000000902400600010580320000040090630006080297002001040905014080700000500034870060,673148952429657318581329476847592631156483297392761845965214783718936524234875169
116245,000402180508010060070090400030271800090000000200004006706030902021605300480700005,369452187548317269172896453635271894894563721217984536756138942921645378483729615
116246,002703600764080010050090800076430500001807002390100000000040203800250470000006090,982713645764582319153694827276439581541867932398125764617948253839251476425376198
116247,700000820000040306800320047206500900081700060504010730450008009037602001000000050,743961825125847396869325147276583914381794562594216738452138679937652481618479253
116248,200005193000040600810900020003062000020090070407008900900080067650310080704000305,246875193379241658815936724593762841128493576467158932931584267652317489784629315
116249,104000052007020000805360000089070006600500308010400029200930860000601035040000971,134798652967125483825364197489273516672519348513486729251937864798641235346852971
116250,700096002300500400010004350002807005001000040983060001000728060600100070250003089,745396812326581497819274356462817935571932648983465721194728563638159274257643189
116251,900006043400002105781050000093160070005900800670000000528070960000004210040609308,952816743436792185781453629893165472215947836674238591528371964369584217147629358
116252,020700004600290107003050008000820306500407020086130070800000900709000561005041000,928713654654298137173654298497825316531467829286139475812576943749382561365941782
116253,000035007096001080380090020008607001001300408570004090260400053004000016007502800,412835967796241385385796124948627531621359478573184692269418753854973216137562849
116254,000080003079040000020031506500690000043102600090000718700005002001903040082007100,165289473379546281428731596517698324843172659296354718734815962651923847982467135
116255,308001000240060090001000630080300024000076300507200006090028001012504007450090080,368951472245763198971482635689315724124876359537249816793628541812534967456197283
116256,060070800000009024034812090601000705000090208042350100080030000700004516900706000,269473851178569324534812697691248735357691248842357169486135972723984516915726483
116257,019308004000700050500010600180000700902061043450203009000509082800040067030000100,619358274348726951527914638183495726972861543456273819761539482895142367234687195
116258,070500000800300420060047010009080341300015702000000005400090800036200000781600093,174529638895361427263847519529786341348915762617432985452193876936278154781654293
116259,090540607168900200050100008702003409000009180900850063000761500006080020304000000,293548617168937245457126398782613459635479182941852763829761534576384921314295876
116260,090046210070050003010720060950000670800070009200013004430200100006030900000804005,598346217672158493314729568953482671841675329267913854435297186786531942129864735
116261,052010830700000015008950007000039020400500600300847090103000080007306009805072000,952714836734268915618953247571639428489521673326847591163495782247386159895172364
116262,080207410000060507100000603006094008048700002003005160024950800000400300700003001,685237419432169587197548623216394758548716932973825164324951876861472395759683241
116263,057020003030078090000010082083009000105080400920601000006094020010752060400000078,857926143231478695649315782783549216165287439924631857576894321318752964492163578
116264,400571600200003045709046100004100802000300950020087003906002081038000060000050007,483571629261893745759246138394165872817324956625987413976432581538719264142658397
116265,600301200000000068010052700003005872200000090009804503070590001920016000480070000,697381245532749168814652739143965872258137694769824513376598421925416387481273956
116266,000020071180604500043507000012070003000008007605009100058300020060000900000906084,596823471187694532243517869812475693439168257675239148958341726364782915721956384
116267,800320000401090000000057020007000160200900750060002083900001300053076049046800005,875324691421698537639157428397485162218963754564712983982541376153276849746839215
116268,000409025060032008040080710700300902000104307098020006001800560403006000570000009,837419625165732498249685713714368952652194387398527146921873564483956271576241839
116269,400001027800750400050030910102000050060900041003080600007490035390027000085600000,439861527821759463756234918172346859568972341943185672617498235394527186285613794
116270,000059100410060307000043082030000906809017005201000000500080700607000801040905600,382759164415862397976143582734528916869417235251396478523681749697234851148975623
116271,016000403908406105030000020009020037074059600050700008800610000005370009002005080,516287493928436175437591826689124537374859612251763948893612754145378269762945381
116272,010000000706805900032100800009020004070003006208417005580040600007002041001096700,815279463746835912932164857359628174174953286268417395583741629697382541421596738
116273,100037006530020700000149020060900800050000930002081004708014500306005000040703090,129537486534628719687149325463952871851476932972381654798214563316895247245763198
116274,200800040091030005003600007900402680018507900600000001030050102020048070560109000,256871349791234865483695217975412683318567924642983751834756192129348576567129438
116275,000708164600000007000001030030010050007923400218007090072600009050030208090400500,325798164681354927749261835934816752567923481218547693172685349456139278893472516
116276,000080036072003409004070012200460070008900000100520008800040921000300050957010060,519284736672153489384679512295468173768931245143527698836745921421396857957812364
116277,000210039400058107050000000000000802610047000530900700024370608879060005000100000,786214539493658127251793486947531862612847953538926741124375698879462315365189274
116278,000059000920407510060100087000004029170000004300260000008300070005001602690540100,781659243923487516564123987856714329172935864349268751218396475435871692697542138
116279,065009000204000800701020090070000010080063205600940080028070900310005400900600302,865439127294157836731826594473582619189763245652941783528374961316295478947618352
116280,020080051300000700600471900400005006809300020002900074200010003530002600010506049,927683451341259768685471932473125896869347125152968374296714583534892617718536249
116281,050008009700050048400700130940006500018000903300200000006307200102680007870109050,653418729721953648489762135947836512218574963365291874596347281132685497874129356
116282,008360002309200000040051080006002800100080037020739004070000460002500903050407100,518364792369278541247951386736142859194685237825739614971823465482516973653497128
116283,015942070800001200640000003070320001050078094400506008009080000023005609000700030,315942876897631245642857913978324561256178394431596728169283457723415689584769132
116284,700090603000014050295006100000000400039005007070080010680702590150030048002000000,714598623368214759295376184821967435439125867576483912683742591157639248942851376
116285,080359001902007800010400060068000240503041700000605000006090014701030600034200009,687359421942167853315482967168973245523841796479625138256798314791534682834216579
116286,084900250000300740700018000800029605017000830060030014120740506009000023006005000,384976251691352748752418369843129675917564832265837914128743596579681423436295187
116287,000090000506010000082300540700031084090400006000780203064905000830026090200000017,413598762576214839982367541725631984398452176641789253164975328837126495259843617
116288,470001000000620030069800040010000203908400750007906001000000024290507608100083000,472391865851624937369875142614758293938412756527936481785169324293547618146283579
116289,001970502000004000680002019002000004730058000009200056053107600020000003106380040,341976582295814367687532419562791834734658921819243756453127698928465173176389245
116290,310080920000070058000409600050900074008004190400060205760098041830501000002730000,314685927926173458587429613653912874278354196491867235765298341839541762142736589
116291,005030090409062180310004002000709410801200000046050000603020901900000200004807065,265138794479562183318974652532789416891246537746351829683425971957613248124897365
116292,600500040802007100010090035048009600530002900760100520004800010020040700100760000,693518247852437169417296835248359671531672984769184523974825316326941758185763492
116293,570130802004060073290500040900300000025000300081470060000900081740002005039008600,576134892814269573293587146967321458425896317381475269652943781748612935139758624
116294,000040006300507000920600105008020007400895003130400090567902040000000080000153000,751249836386517924924638175698321457472895613135476298567982341213764589849153762
116295,610090024020156703000003080560007402000900370800020009004300001080002900700084000,613798524428156793975243186569837412142965378837421659254379861386512947791684235
116296,017030800360047050050000020029350410400091600030800005000000081800600390000402507,217539846368247159954168723729356418485791632631824975546973281872615394193482567
116297,010009700460510020000340010080160530207000100030080002076008940009000053023000608,315829764468517329792346815984162537257493186631785492576238941849671253123954678
116298,040000003005742080001008900010007005300460000028031670090080001650200730000004250,847196523935742186261358947416827395379465812528931674792583461654219738183674259
116299,000035409007200000000697005040800060280019700305000801000001098020570304130046020,862135479957284136413697285741853962286419753395762841574321698629578314138946527
116300,410000205080056040000700803350002709070530006609000030007020100920001000560940008,416893275783256941295714863358462719172539486649178532837625194924381657561947328
116301,100000045000027900832050060470005301000003000320600890601000780009006403050084002,197368245564127938832459167476895321918243576325671894641532789289716453753984612
116302,070403005002807400600050000008600207200041903000520000500010098047006030093200610,971463825352897461684152379418639257265741983739528146526314798147986532893275614
116303,008000500100032006000785002002500301900004800065307004010600040700409013240001090,328146579157932486694785132472598361931264857865317924519623748786459213243871695
116304,000080000079035240850609300080206005003800100200010704400001570006070093007092060,312784659679135248854629317781246935943857126265913784498361572126578493537492861
116305,490001000608700020000600534006020350920007801047003096050400700081009005000102080,495231678638745129172698534816924357923567841547813296359486712281379465764152983
116306,804090000000006001907530600080750302043260070700004805050801400006000010020000937,864197253235486791917532684681759342543268179792314865359871426476923518128645937
116307,008001900009500047417030800000090650270810000030204000041005003000063571600002009,528741936369528147417639825184397652275816394936254718741985263892463571653172489
116308,109050300040903080800000070007039020002400000905802007201000806360000005000074130,129758364746923581853146279417539628682417953935862417271395846364281795598674132
116309,700002000980300401004050208060000530005640000013000809300010000000906702009570340,751482693982367451634159278267891534895643127413725869376214985548936712129578346
116310,000007001004200500890610030709480206100050300005092007500003014083004700200000960,352847691614239578897615432739481256128756349465392187576923814983164725241578963
116311,200060800008903200004500603000230070057609010300058004180004020090000005603120400,239467851568913247714582693946231578857649312321758964185394726492876135673125489
116312,003925008010000000002070530070058096600004201409000070060031780000400060105200049,743925618516843927892176534271358496638794251459612873964531782327489165185267349
116313,000020980900100743080006000603007100057082000420903670000001300005400060040870291,531724986962158743784396512693547128157682439428913675879261354215439867346875291
116314,000076000900150000002800410050301009370000061600427800431900500000000930500640082,145276398983154627762839415258361749374598261619427853431982576826715934597643182
116315,800695030040003070605027080120000040000100006709080203007000800400900001000246950,871695432942813675635427189123769548584132796769584213297351864456978321318246957
116316,000070036020900704000854090300060170590001008076000009648300010000090500030400002,459172836821936754763854291384269175592741368176583429648325917217698543935417682
116317,002098030400503001600402807001920063040800000000075200514600090090000705800300400,152798634478563921639412857781924563245836179963175248514687392396241785827359416
116318,980140070030000054100006200009500810400713005000902030540030002070001000006800000,982145673637298154154376298329564817468713925715982436541639782873421569296857341
116319,600007000049050380070190002002030405010006900008700010004200160730005004080360009,623487591149652387875193642962831475417526938358749216594278163736915824281364759
116320,000650800401023009360901000009002008074005010002167040900000102700308500050040070,297654831481723659365981427519432768674895213832167945943576182726318594158249376
116321,270000000809300460000001738000860150001024390964005000030010075700040820050602000,273486519819357462645291738327869154581724396964135287432918675796543821158672943
116322,140502030000006001900030407003497600020650009004000700050109003006784090810060200,148572936372946581965831427583497612721658349694213758457129863236784195819365274
116323,900200480700930506020160700000703100036480000009010042200805009304000807005070010,963257481741938526528164793452793168136482975879516342217845639394621857685379214
116324,300000004006780020029000300060070403007039005900405180000800040500026009281504700,318952674456783921729641358165278493847139265932465187693817542574326819281594736
116325,309000005620301800400960070000006019135000007002047500090405302080200040000078000,319784625627351894458962173874536219135829467962147538796415382581293746243678951
116326,304590010706302009000860020053071080840000200000008061095006030030900007200040508,324597816786312459519864723653271984841639275972458361495786132138925647267143598
116327,010009700004070869807350000020000085000004300069800041300500027200100690081002004,612489753534271869897356412423617985158924376769835241346598127275143698981762534
116328,025700008080060031090430020507020090003805006000041007200000000630080540400200689,325719468784562931196438725517326894943875216862941357258694173639187542471253689
116329,201704090960000007084003006640508070000092031002070000000630100859100400000800025,231764598965281347784953216643518972578492631192376854427635189859127463316849725
116330,210500609900000704007060120300012080701000500020450000080006095009104007604090803,218547639963821754457963128345712986791638542826459371182376495539184267674295813
116331,800730040419200030006000098000000580050401600008920307900500000002300061003046002,825739146419268735736154298291673584357481629648925317964512873582397461173846952
116332,080500040030006017009370002840720500007005608000090020070030060021000003004861009,782519346435286917169374852846723591297145638513698724978432165621957483354861279
116333,809000604060200000001030080058300100030084507700012300000070029280006050300005410,829751634563248971471639285958367142132984567746512398615473829284196753397825416
116334,009000004100020630006301098000904000800750306502060910704100020020030050310048000,239586174187429635456371298673914582891752346542863917764195823928637451315248769
116335,001000050002006098758400001030040100000608029067030400500003000900800067006592040,691387254342156798758429631839245176415678329267931485584763912923814567176592843
116336,000800465600953710001000000010008270900504800803090006539010080000030004007600920,392871465684953712751246398415368279976524831823197546539412687268739154147685923
116337,004000207890010600350600010000000092000135800670080504030209401006003700400060089,164398257892517643357624918583476192249135876671982534738259461916843725425761389
116338,200090010034200065760003008010630002000045030800070900020001070009500640376980001,258796314934218765761453298517639482692845137843172956425361879189527643376984521
116339,007400035200018000040700680010069003002530040098200010005040028009080700030100054,687492135253618497941753682514869273762531849398274516175946328429385761836127954
116340,000070601600320005025006700500047038067008900400091000018000540004080007230000019,349875621671329485825416793592647138167238954483591276718963542954182367236754819
116341,037040000004902015020050780009600420000007030100830507840520006006403002000009000,537148269684972315921356784379615428458297631162834597843521976796483152215769843
116342,030001260007900000006700803500030008470502016892006005020040500010690040305018000,934851267287963154156724893561439728473582916892176435629347581718695342345218679
116343,000080005503020070040100093020490000006007481310000009700006040091050608208000500,179384265583629174642175893827491356956237481314568729735816942491752638268943517
116344,003410076002085010000000900068300020004900501051070000000000000175002093240006780,583419276692785314417623958968351427724968531351274869836597142175842693249136785
116345,840210500509087042006000001300050900000603000004009067001400090005100876720008005,847216539519387642236594781368751924972643158154829367681475293495132876723968415
116346,106750030020000019070203008903604200008000300040801005500082004001500860004190007,186759432325468719479213658953674281718925346642831975567382194291547863834196527
116347,503010708080045000100300600015700000400090006700038095870000400009260010600070023,563912748287645931194387652915726384438591276726438195872153469359264817641879523
116348,270060050600049200890700430000005040020184000006020081510207900003051000700800003,274368159631549278895712436189675342327184695456923781518237964963451827742896513
116349,305107600400030700000940080806200043700605020010090000643009050050060107200800000,385127694469538712127946385896271543734685921512394876643719258958462137271853469
116350,090610002003000105602700400946008500000000028007500300800079603001320090050840010,598614732473982165612753489946238571135467928287591346824179653761325894359846217
116351,030009008029061005010520300000000002058700901346090000001807050070206019500000003,635479128829361745714528396197685432258743961346192587961837254473256819582914673
116352,000437085200100600073200190080900026030008000104060950067009500400000030019802007,691437285248195673573286194785914326936528741124763958867349512452671839319852467
116353,400070083209001400010850096060209005320006810107300000000500728930000500000408000,456972183289631457713854296864219375325746819197385642641593728938127564572468931
116354,000001000800600032501037009280700001006000047007895300345900000100002075090010460,639281754874659132521437689283764591956123847417895326345976218168342975792518463
116355,500102840000007000362090000006470010009008604800230009180000000904000536075900200,597162843418357962362894175256479318739518624841236759183625497924781536675943281
116356,010003500020140739800900040700025000003006000002470006500007800006000492009630007,914763528625148739837952641768325914493816275152479386541297863376581492289634157
116357,400397080605800470000500001270134600030060000008002090040010739900000100302600000,421397586695821473783546921279134658534968217168752394846215739957483162312679845
116358,000000840429070030030001069750082400006053100200960700670805002000400005081090300,165329847429678531837541269753182496946753128218964753674835912392417685581296374
116359,530040001000006090090100720300060908108037500640005200200080000004501080017003604,532749861781326495496158723375462918128937546649815237253684179964571382817293654
116360,007500630025009040080160090153490070008603200200008010040205060090380025000000100,917524638625839741384167592153492876478613259269758314841275963796381425532946187
116361,002000001000900374030006050700000208360050010409608030000065047005102090810340006,972534681586921374134786952751493268368257419429618735293865147645172893817349526
116362,600080700093000801071530090010000002085090306200040070052076400930005280000300005,624981753593764821871532694317658942485297316269143578152876439936415287748329165
116363,260094030030000805800070600400056002310000900009003070007500003020008140946201500,265894731734612895891375624478956312312487956659123478187549263523768149946231587
116364,000006908530700000046029100000007040910200000200035060070603002308140506002500490,721456938539781624846329157653817249917264385284935761475693812398142576162578493
116365,200700900000800051609024030980010000040930605000080070003200007170500094500001002,218753946437896251659124738985617423741932685326485179863249517172568394594371862
116366,030290410700000000209680500806302007150000904070005030040009361008150000000073200,635297418784531692219684573896342157153768924472915836547829361328156749961473285
116367,020070009108002600500000038000430100890506047203010065604001700002340000000095000,426873519138952674579164238765439182891526347243718965654281793912347856387695421
116368,300902004026800030090010060701084500000001020068300000009705010500400002400030809,357962184126847935894513267731284596945671328268359741689725413513498672472136859
116369,054060008001007005963002407400200090305040600070300801200703100000010009086500030,754961328821437965963852417418276593395148672672395841249783156537614289186529734
116370,080000502009080000001234080100000490605700001003000060200065340030807906907041200,486179532329586174751234689172658493645793821893412765218965347534827916967341258
116371,079010006080090030500004007820030040067120050003007000041072800600800900090305204,279513486184796532536284197825639741467128359913457628341972865652841973798365214
116372,000607904005040010800090023072900100001250000360078005700405309934010080006000000,123687954695342817847591623572964138481253796369178245718425369934716582256839471
116373,004083600360005098007960002000208007000519000980630504500104030708000025610000070,294783651361425798857961342135248967476519283982637514529174836748396125613852479
116374,500649000801000600049030007900405708080010024000087963300720000007106800260000100,572649381831572649649831257923465718786913524154287963315728496497156832268394175
116375,023405600005010009900827040812000004600009705000300002056130090070564308000000000,723495681485613279961827543812756934634289715597341862256138497179564328348972156
116376,000030500056007040900010706105800060037005280240960070500020013000400008412009000,871634592356297841924518736195872364637145289248963175589726413763451928412389657
116377,004250000168043009500000730002100050000090000003085610000900000395620400410037008,734259186168743529529861734842176953651392847973485612287914365395628471416537298
116378,000037500900600030001005040007001892308040650162000000070000029200483700054079100,426937518985614237731825946547361892398742651162598374873156429219483765654279183
116379,008090270106005003040300000500006700200940001030080042075600300402030509900100820,358491276126875493749362185594216738287943651631587942875629314412738569963154827
116380,004051907000400030100006840002840506060700280900005000601090023038200790009130000,824351967796482135153976842312849576465713289987625314671598423538264791249137658
116381,050400000708650009009010270004506010930040002020398600040000128000760300301000050,253479861718652439469813275874526913936147582125398647647935128582761394391284756
116382,106947008800300000092000705009008350000004120060500409480013900003256070000080000,156947238874325691392861745249178356538694127761532489485713962913256874627489513
116383,093080700000900004200016800060090570407000080000032601100005900600040028030029005,593284716816973254274516893361498572427651389985732641142865937659347128738129465
116384,307015000100740908060000050001000380604009710970050406043080002590370000802000600,387915264125746938469238157251467389634829715978153426743681592596372841812594673
116385,000890002000000300194070008000020100051007036683500400060940070900052043020601050,536894712872165394194273568749326185251487936683519427365948271918752643427631859
116386,714003000020900065000000307001045200070302009005800070300006450052000986900080020,714653892823974165569128347691745238478362519235819674387296451152437986946581723
116387,800730090423000001700064000080920500500400609160080004000005040000102308937000100,856731492423859761791264853384926517572413689169587234218375946645192378937648125
116388,012065780004200500063074020300108045050037008000000010820000960406090001070003000,912365784784219536563874129397128645651437298248956317825741963436592871179683452
116389,050002007340900102600170590000097400000300285108000600090040000706280004520060300,951632847347958162682174593265897431479316285138425679893541726716283954524769318
116390,200000705906870003003094000028610000700059840600007000010000302000061009009305100,284136795956872413173594628428613957731259846695487231517948362342761589869325174
116391,710000020000005160000063408600031090403500800005280007000670932008000054002904700,716849523834725169259163478687431295423597816195286347541678932978312654362954781
116392,005000394000002005040900801360080400004293080100000007016837000008000760230450900,725618394891342675643975821362781459574293186189564237916837542458129763237456918
116393,059060480842005003030010000021470050008200900000006070004007102000003065960008730,159362487842795613736814529621479358578231946493586271384657192217943865965128734
116394,340050000000009504080600731053000010000280600010900027900803102420000009001700845,347158296162379584589624731253467918794281653816935427975843162428516379631792845
116395,280000060006010900500042073100050009900708302003200407650070000008009040007306100,284937561736815924591642873172453689945768312863291457659174238318529746427386195
116396,000394060052000000060700801071000052080960700309001040200000300000050074197408006,718394265952186437463725891671843952584962713329571648245617389836259174197438526
116397,007140800360000001200500090070206010120050040008090507056009400900780065803020100,597142836364978251281563794475236918129857643638491527756319482912784365843625179
116398,040090538090406200701000009328700000400053006007000001002510074060309050100004090,246197538593486217781235469328761945419853726657942381932518674864379152175624893
116399,400091000720000308098000060900306280010058030050070406000605800305002700204007001,436891572721564398598723164947316285612458937853279416179645823365182749284937651
116400,402070090036800000980003001000008540240067300013200076000050089700010604590400200,452671893136894725987523461679138542245967318813245976364752189728319654591486237
116401,940100800005000010002906073000207500001860900260000040700031020003009701056040008,947123865635478219812956473394217586571864932268395147789531624423689751156742398
116402,009120000306000701800040602601050408000703509007004100000008000143069000598000030,479126385326895741815347692631952478284713569957684123762538914143269857598471236
116403,608000070009006401010004200904050302002090000060030580000703100027500034450108700,648215973279386451315974268984657312532891647761432589896743125127569834453128796
116404,021708046904065000030200100800527600016900000000010307000804703002300509000090014,521738946974165238638249175843527691716983452295416387169854723482371569357692814
116405,070100009290057310500408600003800100040069200800041037760030000000002560010500094,678123459294657318531498672923875146147369285856241937765934821489712563312586794
116406,080003400900000031001060270010208053034710009070009060400000080000590007200870615,785123496926487531341965278619248753534716829872359164457631982168592347293874615
116407,090002600006000048341050070000000001028300007637290005700500096500908030004010802,895472613276139548341856279459687321128345967637291485783524196512968734964713852
116408,020001700673200010800300640450900800000870256007000030710006000002000905005403080,524681793673249518891357642456932871139874256287165439718596324342718965965423187
116409,020007510000000384864005009001009007002046000050001063090760001080920405703018000,329487516517692384864135729631859247972346158458271963295764831186923475743518692
116410,600400309008050021720000005001500980009043600060001007040096200200800030853074000,615428379938657421724139865471562983589743612362981547147396258296815734853274196
116411,000104600607020001050807090800001500000700034314900020048000002006009040125300070,283194657697523481451867293872431569569782134314956728948675312736219845125348976
116412,650900200090800041001070500000002003002195600089004007104020709700030800008600030,653941278297856341841273596416782953372195684589364127134528769765439812928617435
116413,019200050703000008080057040000600901068090007004170030002940310091030500040060090,419286753753419268286357149537624981168593427924178635872945316691832574345761892
116414,006054320090603005510070008020000000000062071908005400007930100804020506060000030,786154329492683715513279648621497853345862971978315462257936184834721596169548237
116415,960070502500000700000600034120860090008003000004291000030009105050080007702304080,963478512541932768287615934125867493698543271374291856836729145459186327712354689
116416,003000084820040906090210300078900105200050000065007000700324500000060720010090048,153679284827543916694218357478932165231456879965187432786324591549861723312795648
116417,090005208001703000236000001050000009700508324100036500002401060048007090900600070,497165238581723946236849751853274619769518324124936587372491865648357192915682473
116418,001005089060430000000681002017203008506000790030060400000800207073900050205004010,341725689862439175759681342417293568526148793938567421194856237673912854285374916
116419,130504706400980000009006080050300007906000200083015000001078305000002040002650001,138524796467981532529736184254369817916847253783215469691478325375192648842653971
116420,050300180006049700040020900600700801030980040200430650009610070081000300007005002,952367184816549723743128965694752831135986247278431659429613578581274396367895412
116421,960000200508002769002300048000108000403670100207034000000740600040500003895000010,964857231538412769172396548659128374483675192217934856321749685746581923895263417
116422,010200000000034076402905008046800000300000845250017069009000002607090013080060500,713286954895134276462975138946853721371629845258417369539741682627598413184362597
116423,030010097900004800082005036005007001240000709003140060700028500008536000000900020,536812497917364852482795136695287341241653789873149265769428513128536974354971628
116424,020500006954000003007018042600000721105030000040067000008079600000304017032050890,821543976954726183367918542683495721175832469249167358418279635596384217732651894
116425,590030000040507608002080009007010805001400230000206090406000100030061004010700502,598632417143597628762184359627319845951478236384256791476925183235861974819743562
116426,050004302080006040100200080018050620609083005043000700030107009005060170400092000,957814362382976541164235987718459623629783415543621798836147259295368174471592836
116427,500002000279400036084001050000000098610700503903640001020030074800010000406590800,561372489279485136384961257742153698618729543953648721125836974897214365436597812
116428,000800209000034058702600004600000813051900000400370006090020000060150370030006041,543817269916234758782695134679542813351968427428371596197423685864159372235786941
116429,000040080380000601900006700009007500250803074010560302074010050000750020600009800,567341289382975641941286735439127568256893174718564392874612953193758426625439817
116430,002056003001002547000910680840000109010070000203005004900060700078000260000380005,482756913691832547735914682847623159519478326263195874954261738378549261126387495
116431,050030870008004062600000090580090006030100007974200080000010000092046003007300458,459632871718954362623871594581497236236185947974263185345718629892546713167329458
116432,005800040070031805000074009030000624047005038609200000954060080300090107010002000,195826743472931865863574219531789624247615938689243571954167382326498157718352496
116433,001005460670420000039780001003000000024010300700069050150003802006570009300008070,281935467675421983439786521963254718524817396718369254157693842846572139392148675
116434,000100560038000070170025004701800000050006209200090300007000008600403901320608000,942187563538964172176325894791832456853746219264591387417259638685473921329618745
116435,600002001802060040003781009560090300000010076070240080908000500100003200000950034,697432851812569743453781629564897312289315476371246985938124567145673298726958134
116436,009018000000709102800020500010000760060930008280000450700605030000007640450001900,629518374345769182871423596914852763567934218283176459792645831138297645456381927
116437,740000000090030068500172004005700009800001230300859010001400506060005000900308021,743986152192534768586172394615723849879641235324859617231497586468215973957368421
116438,300001704090068020072004500000379800000020301008000062040007009010600050065192007,386251794594768123172934586621379845459826371738415962243587619917643258865192437
116439,002006070000008009056031204790000000803000150200405307007014006000500820010092000,182946573374258619956731284795123468843679152261485397527814936439567821618392745
116440,005080000040900230137000008600520109000000570072490060200100380301800096090056400,925783614846915237137264958683527149419638572572491863264179385351842796798356421
116441,008030000100802007067019004705000018200465000900000042000650031013080005094300070,428736159159842367367519284745293618281465793936178542872654931613987425594321876
116442,074001085030049000089200030000500170106080004720600009390020708000003010002700600,274361985531849267689275431948532176156987324723614859395126748867493512412758693
116443,000805004694000800001000273050920408020706009030100005000090130800572000769040000,372815694694237851581469273157923468428756319936184725245698137813572946769341582
116444,030060001802405600075001090040000703000803900100200005089502106700004320000076084,934768251812495637675321498248659713567813942193247865489532176756184329321976584
116445,250000000079031056400700900003200000580090402920060107060800009000316804008007015,251689743879431256436752981613274598587193462924568137162845379795316824348927615
116446,500301020008700093004090080605930007290006100040002000000800604700540800001203005,579381426168724593324695781615938247293476158847152369952817634736549812481263975
116447,039201050000006070074800300006510804300900607007080090000402501980000000501000026,639271458825346179174859362296517834358924617417683295763492581982165743541738926
116448,040010020300000950100860007807036100500900200006200403080502700403000060090070804,749315628368724951152869347827436195534981276916257483681542739473198562295673814
116449,501070360320005008008409500800050906634020070000300412407100050000860000090003100,541278369329615748768439521812754936634921875975386412487192653153867294296543187
116450,607004009200300004400060280050200640364090000708000015000506008800007300093000170,617824539289351764435769281951278643364195827728643915172536498846917352593482176
116451,700816400450002860000009030000280006100003002007050080020700015681030700300400000,732816459459372861816549237593287146148693572267154983924768315681935724375421698
116452,015200000000000035207980064002400680600170009980000003700320410094060000300510078,415236897869741235237985164572493681643178529981652743758329416194867352326514978
116453,620805074975000020400900001807003060000402003010096000253100800104008507000000090,621835974975641328438927651847513269569482713312796485253179846194268537786354192
116454,060209010015800700904010000580000004400500603007002900200003500009408060073601009,768239415315864792924715836582396174491587623637142958246973581159428367873651249
116455,020090785940070000001200030500000040070610002030008967004320091000086500067001024,623194785945873216781265439596732148478619352132548967854327691219486573367951824
116456,830040107600000290075103400006007304050400960200009005400890070021600000080205001,832946157614758293975123486196587324357412968248369715463891572521674839789235641
116457,210509007080100025030700900040000689000017000602080073001300060003402090005060204,216539847789146325534728916147253689398617452652984173421395768863472591975861234
116458,000004037970000204208000960500870109030040000700120580480500320006000000309001756,615294837973658214248317965562873149831945672794126583487569321156732498329481756
116459,030000601704050200280700030019040083000091056400008000002930000370006040500082007,935824671764153298281769534619245783827391456453678129142937865378516942596482317
116460,000098400000720031835000009010080005064007300020000040006512700097406082400000013,271398456649725831835641279713284965964157328528963147386512794197436582452879613
116461,290040083000096401047500020008000000320010060610802050560900700704003009030081000,296147583853296471147538926478365192325419867619872354561924738784653219932781645
116462,381000400000040207070050890002105000600030000805069130100000708068004905400270001,381927456596843217274651893932185674617432589845769132123596748768314925459278361
116463,082005906400700305000016000040500070560090001201008030800100400020907850670030002,782345916416789325953216748348521679567493281291678534839152467124967853675834192
116464,090300400200079008700540200940050087100008603000100050307020561006803040000000002,691382475254679318738541296943256187175498623862137954387924561526813749419765832
116465,520000000007092800040000601290053000068014970050680040100005400000870060000346208,523168794617492853849537621294753186368214975751689342186925437432871569975346218
116466,740160000006002040030005900095306710007040530800000009902001600008050000100208350,749163825586972143231485976495326718617849532823517469952731684378654291164298357
116467,609000004420030800005102000000023540004960000067800009010006275000305600080097001,639578124421639857875142963198723546354961782267854319913486275742315698586297431
116468,730091000500703640980200007000020800620000500000419020005100000008007350391065072,734691285512783649986254137147526893629378514853419726475132968268947351391865472
116469,400700008006090003201864005060020079025070801070001040890000062007200300000013900,459732618786195423231864795164328579925476831378951246893547162617289354542613987
116470,430800026000700000800005340000307189390000200007501000010040650900000800024050037,435819726162734598879265341546327189391486275287591463718943652953672814624158937
116471,630007800020001405009000030300400200010060048005090160500280900040000003800503072,634957821728631495159824736367418259912765348485392167573286914246179583891543672
116472,010980002037004000500000160902540000600020087000716050705002040028000900004673500,416985732237164895589237164972548613651329487843716259765892341328451976194673528
116473,060002000100000053200419008070050006418070020005380190930640700002803500500100409,867532914194768253253419678379251846418976325625384197931645782742893561586127439
116474,000050870900030001400297060680000005002419000001500302006000030005071690040802107,263154879957638421418297563684723915532419786791586342176945238825371694349862157
116475,000030900004560700670000081008100370060340200102009040210008006940000002300054090,521837964894561723673492581458126379769345218132789645215978436947613852386254197
116476,016007009000603704000450020090100800541700600007020530030096000082040000059000018,416287359925613784378459126293165847541738692867924531134896275782541963659372418
116477,007050030060904108004028000105209700602000090030680000000405087300090461701000025,897156234263974158514328679185239746672541893439687512926415387358792461741863925
116478,050060400008004001100507283000375060940801005003900800007010000820003006600400039,352168497798234651164597283281375964946821375573946812437619528829753146615482739
116479,004800200935002800700000361069010030058790000300006450000371040000900600120054007,614837295935162874782549361269415738458793126371286459896371542547928613123654987
116480,000060070028005100030900400906020830005010006074083090403200680000700005100036002,549168273728345169631972458916527834385419726274683591493251687862794315157836942
116481,004903600609070082080200000001800700307402500000000341700004060020000153918060070,274983615639571482185246937541839726367412598892657341753124869426798153918365274
116482,507910200040000070000306005000002089695400700302000106009003000400200913070508020,537914268946825371821376495714632589695481732382759146269143857458267913173598624
116483,100060059800250730043090200400020008620307000007800403080100006700500010009604080,172463859896251734543798261431925678628347195957816423385172946764589312219634587
116484,270000080390100452506800000080040209013000600009605073000023008060701030004509100,271954386398176452546832791685347219713298645429615873157423968962781534834569127
116485,410563209090000005000840007008200100630900008054010000000037800500400900702000460,417563289896721345325849617978256134631974528254318796149637852563482971782195463
116486,000230860420007003100006700050703106003005209002490000000100400005869070890004050,579231864426587913138946725954723186783615249612498537367152498245869371891374652
116487,084067023005001007710300049000000600200079004090015080000000038532004010008906200,984567123325491867716328549857243691261879354493615782679152438532784916148936275
116488,200705001010263400060000970074009006806001035003080100009504203700000090032006080,248795361917263458365148972174359826896421735523687149689574213751832694432916587
116489,000005809154009067009600240800030000030461000267000000502000408090170053006080001,623745819154829367789613245841237596935461782267958134512396478498172653376584921
116490,090070806405010000083600042601904005200500080059300000000800937070090604024000010,192473856465218793783659142631984275247561389859327461516842937378195624924736518
116491,000000201100970003573200400649300000015000037000061800790800050208150706006020000,984635271162974583573218469649387125815492637327561894791846352238159746456723918
116492,020007084906010507005300610300041000000865400700900008800500020000074069001230000,123657984986412537475389612358741296219865473764923158847596321532174869691238745
116493,407001092020004800001070600209840000380007001045602300900130065000000000030050940,467381592523964817891275634219843756386597421745612389974138265658429173132756948
116494,000007860860050400000200019906000081004302000100008730020060097008500023305901000,219437865863159472547286319936745281784312956152698734421863597698574123375921648
116495,090000000300812000400960072240050300608400501017008009000689405000300008061005200,192574836376812954485963172249156387638497521517238649723689415954321768861745293
116496,700000360058000004040010097004132050072006400001540080003060800060405209900023001,719254368358679124246318597894132756572896413631547982423961875167485239985723641
116497,603004000000050708090126050500090240004617000080000301000430510700002800400080090,653874129142953768897126453571398246324617985986245371268439517719562834435781692
116498,007305400080002730050804069100953020600007008070010000502000890090406010004020300,927365481486192735351874269148953627639247158275618943562731894793486512814529376
116499,078900005200000000004060783080023570006805040402100009049500060600300200300047010,178934625263758491594261783981423576736895142452176839849512367617389254325647918
116500,000000001839104002005863070500007030000286900480500610007000000600390040253700800,764925381839174562125863479596417238371286954482539617947658123618392745253741896
116501,906200000000900102810005360047000005001086000200300490020804036035001820004000907,956213748473968152812745369347129685591486273268357491129874536735691824684532917
116502,000800010300072050095300800407090000506041003018200060000900205001080706000407030,762859314384172659195364872437698521526741983918235467873916245241583796659427138
116503,050200081409301702301000000602840530905006000000020004000703600060080017104059000,756294381489361752321578496612847539945136278837925164298713645563482917174659823
116504,752003080000670901100004050024000800095060030000928600007012004000030210003006509,752193486438675921169284753624351897895467132371928645987512364546739218213846579
116505,008150007374009000910063020020000403080670059000000060000590601007021035009400078,268154397374289516915763824726915483483672159591348762832597641647821935159436278
116506,020074650680201040700000009008100905075080000000090060013002000200035017040600380,321974658689251743754368129468123975975486231132597864813742596296835417547619382
116507,050109027004036190000500860070002010500908304600300009000040000091020580830000702,356189427784236195129574863973452618512968374648317259267845931491723586835691742
116508,038600040400070010107030208080050920020700006506008401600309070000004800009210053,238691745465872319197435268384156927921743586576928431652389174713564892849217653
116509,100970000050000092020580437005000960008104003712006000000600800090018004300700056,143972685857463192629581437435827961968154723712396548274635819596218374381749256
116510,060705900000004010201090060002600390840500700310020805100300054904100200080070000,463715982798264513251893467572648391849531726316927845127389654934156278685472139
116511,930806000500000740017000600002009057605004009000030200208401030409002005000060480,934876521526193748817245693342619857685724319791538264278451936469382175153967482
116512,604010058010900000203070060000003670000050040076820003800540097030007100150239000,694312758715968234283475961548193672321756849976824513862541397439687125157239486
116513,070194000905600048300008002060012004800070200000009035002060500450007109001930007,278194356915623748346758912569312874834576291127849635792461583453287169681935427
116514,500040080700010200369800040800021750001700000000506903094005068600003001070400092,512347689748619235369852147836921754951734826427586913294175368685293471173468592
116515,000803009708100250042500086070060010510000024623000708000098047950204000006010000,165823479798146253342579186874962315519387624623451798231698547957234861486715932
116516,760050490000730102005000060090208000230000079008301040040900600650004710312060000,763152498984736152125489367496278531231645879578391246847913625659824713312567984
116517,006010530009402100070500006061900040020080901003070062480659007090030080300200000,246817539539462178178593426861925743724386951953174862482659317695731284317248695
116518,006093005009050200310780400402800050050067000030009802100405008807016090060000037,246193785789654213315782469472831956958267341631549872193475628827316594564928137
116519,040001790001073058703080240060905800092030000000000060400297100080100036500000002,648521793921473658753689241364915827892736514175842369436297185287154936519368472
116520,051030020000907006409800057806491700000020080105300200040086003532070400000000900,751634829283957146469812357826491735394725681175368294947286513532179468618543972
116521,050100063030679200000080009009002510785000600010400038000046180200390040870200000,957124863438679251126583479349862517785931624612457938593746182261398745874215396
116522,009600020002049013180005060000103506705090000460800900901520080000380004074000002,349618725652749813187235469298173546715496238463852971931524687526387194874961352
116523,800001609006042180030000070027000500000219300003500960100905004045008000700630250,874351629596742183231896475927463518658219347413587962162975834345128796789634251
116524,470100000906704380081006000004000609638201705000405200000602000000000102300057904,473189526956724381281536497524378619638291745197465238749612853865943172312857964
116525,300201046090600850005000003607800009810005064430709001000000000020137000980040027,378251946194673852265498173657814239819325764432769581743982615526137498981546327
116526,400060003010800005070010490090052106702000309300400000005709200080001064049608500,428965713913874625576213498894352176752186349361497852635749281287531964149628537
116527,800541200100008009064020000750080021009060084200300007030000900070106005400702030,897541263123678459564923718756489321319267584248315697631854972972136845485792136
116528,003062100740090600200300405009683020060000000032051800005040070100800200098070340,953462187741598632286317495519683724867924513432751869325146978174839256698275341
116529,108057400200160080000000903000004876005700000003901200040008725051003040620090100,198357462234169587576842913912534876485726391763981254349618725851273649627495138
116530,514000008280107604009020030000089070700005106006000450020496800000201000900530047,514963728283157694679824531145689372792345186836712459327496815458271963961538247
116531,940001200005640830000050009060007500402800000130900060078030090590070002013208004,946381275725649831381752649869417523452863917137925468278534196594176382613298754
116532,240089365009730081000000700508300240001098650390620000000254007830000000000010900,247189365659732481183546792568371249721498653394625178916254837832967514475813926
116533,040305068007060910200008000003002090810000004090050032739086020000010650006403700,941375268387264915265198347573842196812639574694751832739586421428917653156423789
116534,002000000091002504068975002040100609000083200010549008057300406300006080009000170,532461897791832564468975312843127659975683241216549738157398426324716985689254173
116535,506092018270603040301054000059030000000400021800001603030008704002000095687000000,546792318278613549391854276159236487763485921824971653935128764412367895687549132
116536,037006100540300000100500208453002090080950020700001640010670500908000003260400700,837296154542318976196547238453762891681954327729831645314679582978125463265483719
116537,600054070009208040003600009370800002420075093006000008051340007800090200000700160,682954371719238546543617829375869412428175693196423758251346987867591234934782165
116538,807005000060400003100000289046210000079008140000009056025160900083090710000037000,837925461962481573154376289546213897379658142218749356725164938683592714491837625
116539,008960200004500010030001500000490000021070600750000004063820009000600100240030070,518963247674582913932741568386495721421378695759216384163827459897654132245139876
116540,000002401709000020080903050530004000120070060070060104860540200001007600305001980,653782491719456328482913756536194872124378569978265134867549213291837645345621987
116541,107040206030000000400590001000209510004000008082030070200061400305078000070025980,157843296839612745426597831763289514914756328582134679298361457345978162671425983
116542,003098000200570000490000027050067208010059060806020790900180400035000906004000170,573298641261574839498613527359467218712859364846321795927186453135742986684935172
116543,302960780700030205009004000090050031801307009000000400040091608970000100050206000,312965784764138295589724316497652831821347569635819427243591678976483152158276943
116544,500070806004205090390006000460020005000900370003581200120407050800090037000100409,512379846684215793397846512461723985258964371973581264129437658845692137736158429
116545,090800005304001600005090720070009013102506008400083000280030004000607000506420090,791862435324751689865394721678249513132576948459183276287935164943617852516428397
116546,607008010504030907020700003090003800000164000105020700800010064409052100003006009,637298415584631927921745683296573841378164592145829736852917364469352178713486259
116547,000073009512060003000140080040039017890005000063280000008750600430000090706001240,684573129512968473379142586245639817897415362163287954928754631431826795756391248
116548,638090000009040180500003200100060050002701806950230700060084530000020004070605000,638192475729546183514873269187469352342751896956238741261984537895327614473615928
116549,006105903100009850050480700008002006029000410000964000807391020240700600300000070,786125943134679852952483761478512396629837415513964287867391524241758639395246178
116550,760000053400060780000050602030009200009701000600024001024100090500300078310806004,762918453451263789983457612135689247249731865678524931824175396596342178317896524
116551,045060002280009460703100005004053900100420380070001000000704609092800007000005140,945368712281579463763142895824653971159427386376981254518734629492816537637295148
116552,016042009008560002570000030000807000905020100230150400060090047000006301104300980,316742859498563712572918634641837295985624173237159468863291547759486321124375986
116553,003000000004001572075090081652000000000208100017600009400107090090302840008500603,183725964964831572275496381652914738349278156817653429436187295591362847728549613
116554,000800001902460073081002500467003090000600004000070035506009082030080000074025100,643857921952461873781932546467513298325698714198274635516749382239186457874325169
116555,001000000030600782000942100508001070040006890007430605620850400900000030010723500,251387946439615782786942153568291374342576891197438625623859417975164238814723569
116556,009201060354090080200004000620000305043809700100052006080075209010040000000608007,879231564354796182261584973628417395543869721197352846486175239712943658935628417
116557,031096000947000100800500040000004029300850000006910708605000370070300002200048050,531496287947283165862571943718634529329857416456912738685129374174365892293748651
116558,200093000006180300590400000057030620620007100430000058000020067800019034070048002,281593476746182395593476281157834629628957143439261758914325867862719534375648912
116559,030105600000002710806030290003400800140006050900001002069000180450207000001900004,732195648594682713816734295623459871147826359985371462269543187458217936371968524
116560,030400000070300456005809020003000570056040980008017002002030060090705010600902300,231456897879321456465879123123698574756243981948517632582134769394765218617982345
116561,040900680000040005003010920087200390960000150302600000510078003020005010400020078,245937681691842735873516924187254396964783152352691847519478263728365419436129578
116562,700900600005200083004060700600000010020010857018403900200090000300708401090030206,732981645965247183184365729679852314423619857518473962247196538356728491891534276
116563,200000610901507000078003040010090503090040028062070100400906050000030206300108000,235489617941567832678213945714892563593641728862375194487926351159734286326158479
116564,000003600810005930900807020200476800750010009006500010080004000045960087000200301,524193678817625934963847125291476853758312469436589712182734596345961287679258341
116565,000089125900070030420600008105004602630000000007190000700300050060042980040005307,376489125958271436421653798195834672634527819287196543719368254563742981842915367
116566,530200000009000708710694530100370004402000050085000906200040090040003610000058407,534287169629531748718694532196375284472869351385412976251746893847923615963158427
116567,010290000700005400830007520100004096463100000002830005090600080007500061000082003,514298637729365418836417529158724396463159872972836145395671284287543961641982753
116568,200080000954007001001006023000970306080431002020608009700205910046000007000003050,263184795954327861871596423415972386689431572327658149738265914546819237192743658
116569,096700008800920070703000005060800243000309001081050006000203000102084609904001500,496735128815926374723148965569817243247369851381452796658293417172584639934671582
116570,000200568600081320900030000200000700000740010380009000004920007150073640002600085,413297568675481329928536471241358796596742813387169254864925137159873642732614985
116571,006010405500028090070003600063901000089052070000000002002400007830006054105080360,326719485514628793978543621263971548489352176751864932692435817837196254145287369
116572,028016070009073050000850100790602000015000098006000240040900725080024300300001000,528416973169273854473859162794682531215347698836195247641938725987524316352761489
116573,031800706000000005805702001040980000207056040000040503020104009100600370074039080,431895726762413895895762431543981267217356948986247513328174659159628374674539182
116574,003900100070120036405000080501700009806049050700003040000000067269005810080302400,623958174978124536415637982541786329836249751792513648354891267269475813187362495
116575,400320000097000002063489001000105700021800409650000800084710030500000060030042907,415327698897651342263489571348195726721863459659274813984716235572938164136542987
116576,007000020500401000839020000100069800054300061000042705000058009690700083002006104,417893526526471398839625417173569842254387961968142735341258679695714283782936154
116577,102700800000140000739008060203670000050902100086050074004039010000005987600000005,142796853865143729739528461213674598457982136986351274574839612321465987698217345
116578,090000300000062517000800000068050700750400096320100008076390004182000003004008060,697514382843962517215837649468259731751483296329176458576391824182645973934728165
116579,060040103000086904000705080005214607019800400007009000070020039541000000032067800,768942153253186974194735286385214697619873425427659318876421539541398762932567841
116580,030060097008104000250008031400000060000870009965300002510000024070000610002509308,134265897798134256256798431487952163321876549965341782513687924879423615642519378
116581,069037004002000005003085010370061090091300080806004700250000000000403900000516047,569137824182649375743285619375861492491372586826954731254798163617423958938516247
116582,930100002608450030407006008040902005006004210800007603100090000000280504050000700,935178462628459137417326958341962875576834219892517643184795326763281594259643781
116583,002409008079010060800000023000000000710025036200304501068001074090008052000503100,652439718379812465841657923935186247714925836286374591568291374193748652427563189
116584,003500016080307040040280900307000204400705193021006700016003000090004085800900000,273549816189367542645281937357198264468725193921436758516873429792614385834952671
116585,000900405830400002000057006500348020402000700160002090001700030300209060070600108,716923485835461972924857316597348621482196753163572894651784239348219567279635148
116586,235460080009000000140805007600052300013070092000004008028030604000246075500000900,235467189879123456146895237687952341413678592952314768728539614391246875564781923
